,latitude,longitude,date,float_id,temp_mean,temp_median,temp_std_dev,salinity_mean,salinity_max,pressure_max
0,-43.513,35.468,2025-01-01,b'9258                            ',5.511198,4.999,1.999805,34.27682,34.69381,1598.42
1,-8.2485,105.7938,2025-01-01,b'1334                            ',7.71093,5.357,6.3433256,34.70536,35.033,2003.94
2,-43.034,134.931,2025-01-01,b'8804                            ',8.898761,9.185,2.1312187,34.652843,34.93611,1997.7
3,-33.78672,55.46375,2025-01-01,b'8879                            ',7.959806,6.0889997,5.1400204,34.78368,35.6009,2004.04
4,-45.424211666666665,43.18347,2025-01-01,b'AI2600-20DE036                  ',3.8314767,3.096,1.4920968,34.32635,34.708,1580.9
5,-66.05675506591797,107.47622680664062,2025-01-01,b'9291                            ',-1.7987859,-1.8861,0.2409151,34.474895,34.5663,679.26
6,-38.15215,107.61466,2025-01-01,b'6072                            ',5.476377,3.524,3.9476898,34.64994,35.14294,4772.6
7,-14.9133,102.25448,2025-01-01,b'8485                            ',7.7885413,5.344,6.3951697,34.710865,35.1369,2007.36
8,-38.15277,107.61359,2025-01-01,b'6072                            ',8.716395,9.894,4.20304,34.79357,35.12296,4515.3
10,-63.384575,40.19638166666667,2025-01-01,b'AI2600-22DE004                  ',0.822534,0.848,0.5986624,34.60567,34.716,1974.9
11,-32.869,102.265,2025-01-01,b'8865                            ',10.303248,9.995,3.2314394,34.867523,35.56195,1998.14
12,-39.28791833333333,46.06478,2025-01-01,b'AI2600-17EU016                  ',9.736806,10.551,5.535317,34.960266,35.6,1982.3
13,-37.39667,68.79794,2025-01-01,b'7516                            ',7.5515847,5.965,4.4976587,34.740063,35.339,2012.24
14,-16.761,68.872,2025-01-01,b'8652                            ',12.430625,10.051,6.9130325,34.867306,35.547,1997.92
15,1.44848,73.77678,2025-01-01,b'7806                            ',8.335385,7.0290003,5.7807183,34.942467,35.745,2009.52
17,-43.3139,107.7574,2025-01-01,b'8791                            ',6.237637,5.08815,3.262962,34.57091,34.8581,2009.44
18,-26.0954,77.1385,2025-01-01,b'1055                            ',8.15098,5.6759996,5.598886,34.815556,35.75066,1996.51
19,-43.534,72.488,2025-01-01,b'8313                            ',6.7765083,6.1584997,2.5987816,34.38376,34.79591,1997.95
21,-2.1706,67.5476,2025-01-01,b'0854                            ',3.1300335,3.16275,0.20083651,-0.044,-0.044,1948.19
22,-22.26858,108.58674,2025-01-01,b'8479                            ',7.5991416,4.928,6.123386,34.79051,35.8356,2001.52
23,-64.59400470664367,96.94156241292958,2025-01-01,b'10358                           ',-1.7831167,-1.8098,0.0983834,34.33815,34.4532,407.53
24,-26.44151,91.78721,2025-01-01,b'8888                            ',7.3823037,4.481,5.576825,34.79431,35.91059,2000.08
25,-13.10319,94.64449,2025-01-01,b'8866                            ',7.524584,5.097,6.266882,34.69623,35.04633,2001.4
26,-44.36967833333333,56.489823333333334,2025-01-01,b'AI2600-19DE040                  ',4.7715883,3.4245,2.8551295,34.24535,34.745,1984.4
27,14.65,89.0,2025-01-01,b'23002                           ',11.678249,8.3025,8.548095,34.603817,35.044,2029.2
28,13.683333333333334,87.06666666666666,2025-01-01,b'23004                           ',11.736318,8.186501,8.898729,34.58445,35.035,2031.2
29,-35.5112,62.7589,2025-01-01,b'1064                            ',8.088217,7.1099997,4.578322,34.79149,35.48416,1948.17
30,-7.766666666666667,73.81666666666666,2025-01-01,b'23033                           ',11.588465,7.51,9.326875,34.699043,35.252,1966.2
31,17.733333333333334,69.15,2025-01-01,b'23014                           ',12.938681,11.004,7.9968476,35.395454,35.87151,2003.6
32,13.15,87.51666666666667,2025-01-01,b'23003                           ',11.873913,8.425,8.894164,34.882145,35.01526,2003.6
35,-54.19374,25.997911666666667,2025-01-01,b'AI2632-21EU038                  ',0.8422547,0.796,0.478975,34.539677,34.685,1986.1
36,-30.29215,100.32856,2025-01-01,b'8887                            ',6.6648345,4.23,4.827199,34.755375,36.07373,2002.0
37,-55.781,128.0576,2025-01-01,b'10083                           ',2.52547,2.404,0.5926828,34.32781,34.74249,1600.01
38,-23.731,54.53,2025-01-01,b'8644                            ',13.290593,12.1935005,6.0401306,35.026688,35.63201,1998.51
40,-14.696,101.95,2025-01-01,b'7607                            ',7.6424513,5.3005,6.205858,34.675976,34.995,1994.54
41,-23.09199,93.618065,2025-01-01,b'P43244-24DE003                  ',13.105067,11.574,7.2999635,35.081654,35.815,1971.1
43,-52.972434997558594,98.83856201171875,2025-01-01,b'8455                            ',2.1844676,2.1695,0.42178446,34.565388,34.757,1988.83
44,-13.343,71.872,2025-01-01,b'8641                            ',10.858551,8.649,6.257765,34.80112,35.36111,1996.66
45,17.5808,60.6258,2025-01-01,b'5023                            ',14.599259,14.415,6.7482924,35.741787,36.619,2001.9
46,-14.519,89.346,2025-01-01,b'8647                            ',11.65504,8.701,6.9572334,34.746662,35.14399,1999.97
47,-47.2713,23.7549,2025-01-01,b'8979                            ',3.4756534,3.0176,0.9795173,34.23435,34.7588,1992.27
48,-46.76393,47.31731,2025-01-01,b'8497                            ',3.2863178,2.736,1.1264789,34.39648,34.7544,2001.0
49,-11.466058333333333,53.66475,2025-01-01,b'AI3500-22FR001                  ',10.295731,7.683,7.031502,34.84967,35.40192,1982.9
51,-46.15,112.393,2025-01-01,b'9940                            ',5.996558,4.7813,3.1139107,34.555004,34.7788,2014.05
52,-23.5513,78.6947,2025-01-01,b'0796                            ',7.967564,5.118,5.8287773,34.83424,35.7937,1948.24
53,-17.7986,99.59352,2025-01-01,b'8863                            ',8.001105,5.36,6.2140875,34.830578,35.741,2001.92
54,-28.20486,67.07472,2025-01-01,b'12048                           ',5.619041,2.044,6.231392,34.852184,35.896,4309.0
56,-10.639,98.265,2025-01-01,b'8816                            ',10.417057,8.16,6.067533,34.654057,34.74991,1998.61
57,-26.779345,80.97606,2025-01-01,b'AI2600-22AU005                  ',7.796891,5.151,5.562953,34.806015,35.801,2017.3
58,-45.05897,87.26044666666667,2025-01-01,b'AI2600-20DE028                  ',5.231484,3.711,2.9577954,34.52867,34.818,1997.6
59,-38.82,117.014,2025-01-01,b'7770                            ',9.964844,9.586,2.6067798,34.769474,35.315,1598.69
61,-0.6618,72.4719,2025-01-01,b'1496                            ',8.340395,7.1405,5.5288057,34.9396,35.215,1977.16
62,-11.6211,104.5053,2025-01-01,b'0809                            ',7.245983,5.4230003,5.31129,34.730984,34.829,2002.11
67,-35.445,108.574,2025-01-01,b'8719                            ',10.677345,10.034,3.5508037,34.920853,35.8728,1997.895
68,14.368,85.008,2025-01-01,b'P32800-19CH023                  ',12.1718235,8.625999,8.762654,34.67495,35.03978,1985.0
69,-6.137,80.385,2025-01-01,b'P32800-19CH024                  ',11.031509,7.5985003,8.660246,34.717514,35.04226,1979.9
70,10.409,90.556,2025-01-01,b'P32800-19CH021                  ',12.331372,8.7055,9.290893,34.606663,35.03803,1980.6
71,14.518,83.161,2025-01-01,b'P32800-19CH019                  ',11.513031,8.573,8.092426,34.73916,35.0918,1985.6
72,-1.968,87.333,2025-01-01,b'P32800-19CH018                  ',11.6931715,7.964,9.245842,34.918957,35.21568,1981.8
73,-39.967,52.6287,2025-01-01,b'10090                           ',12.89506,13.199,3.1235607,35.1548,35.588,2000.18
74,-48.1011,131.72639,2025-01-01,b'8896                            ',6.3078356,5.984,2.8974214,34.518105,34.67881,2008.04
75,-30.36926,49.87977,2025-01-01,b'6106                            ',6.5858884,4.066,5.5091166,34.78871,35.6689,4952.8
76,-30.36661,49.88099,2025-01-01,b'6106                            ',11.060304,11.919,5.9734097,35.073067,35.6639,4544.1
79,-18.5562,110.9216,2025-01-02,b'1062                            ',8.888813,6.158,6.3108783,34.771755,35.445,1998.21
80,-48.3778,116.6238,2025-01-02,b'1083                            ',4.372056,3.357,2.0905886,34.455204,34.7351,1999.88
81,-51.16643142700195,134.11700439453125,2025-01-02,b'8858                            ',3.771221,2.9606,1.6252762,34.436214,34.741,2002.71
83,-48.29625950189945,95.36181646230278,2025-01-02,b'9029                            ',3.5835643,2.8817,1.5055511,34.45728,34.7427,1995.93
84,-2.1986,43.1391,2025-01-02,b'0962                            ',8.02971,7.089,5.5277967,34.93737,35.181,2009.7
85,-48.67276,80.50236,2025-01-02,b'7438                            ',2.8816903,2.558,0.9918748,34.48865,34.766,2003.28
86,-65.60564422607422,106.71989440917969,2025-01-02,b'9754                            ',-1.7673079,-1.8606501,0.3123239,34.476498,34.5776,722.45
87,-28.5216,37.6488,2025-01-02,b'10076                           ',12.52488,10.879999,5.7972517,34.97635,35.546,1798.77
89,-37.0819091796875,104.16924285888672,2025-01-02,b'9281                            ',6.7253275,5.1018,4.004491,34.677658,35.5185,1995.86
91,2.0204,73.8649,2025-01-02,b'1485                            ',12.022438,9.985,5.926686,35.017937,35.945,1949.1
92,19.183132,65.245377,2025-01-02,b'558220                          ',9.845365,8.7577,5.5826654,35.43448,36.722,1995.44
93,-13.7517,75.9327,2025-01-02,b'1243                            ',7.7725906,5.741,5.994232,34.748642,35.45567,2007.62
94,23.880983333333333,63.391598333333334,2025-01-02,b'AI2600-21FR122                  ',12.70534,11.7439995,5.8989863,35.77183,36.803,2017.7
96,-17.731,96.1065,2025-01-02,b'1503                            ',11.677596,9.584,6.5894856,34.879852,35.696,1998.19
98,-38.822,117.058,2025-01-02,b'7770                            ',9.9844,9.595,2.565822,34.765743,35.292,1599.02
99,-39.80316,58.42516,2025-01-02,b'8877                            ',7.7482758,6.271,4.58869,34.75976,35.52455,2005.8
102,11.868643333333333,46.94810833333333,2025-01-02,b'AI2600-21FR121                  ',13.441707,13.864,4.9387374,35.774,36.357,1881.7
103,-3.0309,76.435,2025-01-02,b'1482                            ',10.945992,9.34,5.1011133,34.922134,35.215,1949.44
104,-18.07099,57.98156,2025-01-02,b'8491                            ',8.5206,5.616,6.70756,34.839596,35.6376,2005.44
105,-47.46,78.824,2025-01-02,b'9259                            ',4.3906565,3.981,1.3920646,34.193253,34.67494,1599.45
106,-51.7254,33.9041,2025-01-02,b'1483                            ',2.0696204,2.092,0.52575165,34.4412,34.761,2002.5
107,14.566666666666666,89.58333333333333,2025-01-02,b'23005                           ',11.607417,8.364,8.513213,34.63504,35.034,2029.2
110,-9.633333333333333,79.65,2025-01-02,b'23037                           ',11.544233,7.008,9.702397,34.64254,35.0056,2005.6
111,17.666666666666668,70.45,2025-01-02,b'23015                           ',12.9601345,10.8855,8.1970415,35.440292,36.42848,2029.6
112,20.366666666666667,62.766666666666666,2025-01-02,b'23018                           ',13.17771,11.237,7.711573,35.6504,36.6,2005.2
114,-39.16169,113.57939,2025-01-02,b'8895                            ',6.455503,5.488,3.4392495,34.58827,34.87925,2010.04
115,-66.02377319335938,95.22974395751953,2025-01-02,b'10343                           ',-1.660618,-1.7924,0.3486791,34.39161,34.4557,637.46
116,19.15,65.38333333333334,2025-01-02,b'23016                           ',12.88766,10.8195,7.634273,35.65344,36.629,1969.9
119,-0.051,78.683,2025-01-02,b'P32800-19CH027                  ',11.526839,8.166,8.7275715,34.93518,35.22864,1979.4
120,-55.56069,101.79051,2025-01-02,b'6042                            ',1.3118453,1.4189999,0.5917227,34.630264,34.73892,3880.6
122,-39.439,56.811,2025-01-02,b'46                              ',4.162677,2.5209,4.117122,34.130196,34.56976,4511.1
123,-40.955,137.32,2025-01-02,b'8714                            ',8.830059,9.206,2.1347144,34.6241,34.87884,1998.58
126,-28.0225,102.8901,2025-01-02,b'1052                            ',7.771776,5.073,5.3813815,34.8015,35.873,1948.73
128,-56.4865,117.6993,2025-01-02,b'10081                           ',2.1131756,2.246,0.5026341,34.440277,34.74147,1701.12
129,-37.60656,116.78474,2025-01-02,b'6070                            ',5.220471,3.387,3.8570807,34.645817,35.1129,5155.5
130,-37.60663,116.78335,2025-01-02,b'6070                            ',8.372609,9.6695,4.1585784,34.763264,35.0999,4828.9
131,-55.059,137.398,2025-01-02,b'9951                            ',2.5559912,2.4672,0.6805994,34.479576,34.7444,2016.11
133,-35.42702,108.15318,2025-01-02,b'8505                            ',7.2750535,5.4255,4.724604,34.742573,35.9144,2003.12
135,18.028463,61.149529,2025-01-02,b'8669                            ',10.241963,9.0777,5.73836,35.492535,36.53099,1981.69
136,-31.1079,112.37,2025-01-02,b'0843                            ',6.542605,4.2250004,4.456563,34.71909,35.80626,2001.33
140,-7.3519,63.9452,2025-01-02,b'1594                            ',7.16059,6.0625,4.5981197,34.811058,35.075,2005.92
142,22.93572,59.391403333333336,2025-01-02,b'AI2600-21FR123                  ',14.905057,13.883,5.7252445,35.942448,36.826,1291.8
143,-65.97829333860794,88.03678690794152,2025-01-02,b'10359                           ',-1.8796477,-1.88375,0.014130626,34.38627,34.4388,648.57
146,-34.3335,125.8528,2025-01-02,b'0906                            ',6.600709,4.445,4.493921,34.70974,35.6825,1980.44
147,-46.71007,111.9224,2025-01-02,b'7710                            ',5.3846498,4.0415,2.8543606,34.527664,34.79961,2013.56
149,-43.070793333333334,128.15849,2025-01-02,b'AI2600-23AU105                  ',6.162032,5.414,3.2109945,34.570538,34.873,2018.2
150,-35.941665,93.24628666666666,2025-01-02,b'AI2600-18DE010                  ',8.213948,8.019,4.820052,34.748547,35.175,2000.7
151,-60.596426666666666,101.13333833333333,2025-01-02,b'AI2600-22AU023                  ',1.3551534,1.412,0.47373536,34.64878,34.734,1989.3
152,-56.3369,142.7247,2025-01-02,b'1118                            ',2.1149158,2.276,0.5769723,34.44773,34.74193,2000.61
153,-40.9581,98.1555,2025-01-02,b'0797                            ',6.2573414,5.0985003,3.3051162,34.5775,34.913,1948.87
154,-31.616,88.698,2025-01-02,b'8869                            ',11.1512165,10.738,3.92983,34.95953,36.02087,1998.78
155,-15.141,107.812,2025-01-02,b'1051                            ',8.848213,6.1235,6.256425,34.731586,35.444,2000.21
156,-40.12891104312183,73.63371041948767,2025-01-02,b'8844                            ',6.180517,4.4315,3.7337127,34.63839,35.1439,1991.09
157,-25.8999,58.0255,2025-01-02,b'10078                           ',12.125791,11.437,4.6321926,35.028057,35.758,1799.64
158,-13.8639,105.2505,2025-01-02,b'0806                            ',7.328289,5.143,5.826014,34.68571,34.917,2001.26
159,-8.5117,101.013,2025-01-02,b'1048                            ',8.141394,5.807,6.194456,34.759853,35.193,1948.25
160,-0.2097,80.4113,2025-01-02,b'1499                            ',8.32461,6.577,5.798036,34.929237,35.209,1981.33
161,-48.4534,102.0354,2025-01-02,b'9547                            ',3.9473228,3.719,1.2557954,34.233284,34.74341,1900.03
162,-28.6856,50.2407,2025-01-02,b'1449                            ',13.127818,12.254,4.8160768,35.098835,35.6511,1801.82
163,0.8139,81.8142,2025-01-03,b'7024                            ',14.529789,11.79,9.131893,35.014652,35.238,1899.8
164,-30.3999,56.67184,2025-01-03,b'12047                           ',6.0392475,2.211,6.3590803,34.89452,35.728,5006.1
165,-28.7908,37.6232,2025-01-03,b'1214                            ',7.937988,5.658,5.765472,34.810436,35.556,2001.51
166,-59.95073706783766,116.89611136172948,2025-01-03,b'8849                            ',1.7884829,1.8288,0.4220531,34.61937,34.74839,1984.22
168,-25.181096666666665,88.00853333333333,2025-01-03,b'AI2600-18AU002                  ',7.509523,4.67,5.6118593,34.800606,35.8499,2009.7
169,-27.069074999999998,111.29873333333333,2025-01-03,b'P44043-22AU004                  ',14.171167,15.165,6.285351,35.274906,35.865,1972.2
170,-60.8224,139.48,2025-01-03,b'1088                            ',1.7067732,1.845,0.5897969,34.62645,34.749,2003.35
171,-43.32264833333333,140.494745,2025-01-03,b'P43208-20AU002                  ',10.500916,11.26,2.6155605,34.876244,35.03302,2003.3
172,-57.314083333333336,92.767855,2025-01-03,b'AI2600-22AU018                  ',1.6687038,1.7495,0.46228707,34.60486,34.735,1978.7
173,-60.465816497802734,123.90882873535156,2025-01-03,b'8839                            ',1.4282882,1.5527,0.5915729,34.640293,34.7402,2004.45
174,-42.3142,142.0284,2025-01-03,b'0801                            ',7.5619125,7.599,3.2446673,34.650352,35.15699,1998.46
175,5.8389,67.5745,2025-01-03,b'1490                            ',12.662196,10.777,5.818002,35.2143,35.749,1949.78
177,5.339378333333333,88.41834166666666,2025-01-03,b'AI2632-23DE005                  ',11.163063,8.833,8.076877,34.88425,35.205,2006.4
179,-30.66632166666667,86.45270833333333,2025-01-03,b'AI2600-23AU108                  ',7.6343274,5.625,4.9609394,34.779846,36.068,2020.9
181,-46.01336,110.52307,2025-01-03,b'8732                            ',6.1087847,4.94,3.1701105,28.176592,28.34056,2005.84
182,-56.51373,109.23033,2025-01-03,b'7455                            ',1.8341872,1.8740001,0.5132128,34.603218,34.744,2009.44
183,-49.875,125.41,2025-01-03,b'7169                            ',7.6278234,8.144,1.5610327,34.364223,34.4934,950.2
184,-42.49066,36.12800333333333,2025-01-03,b'AI2600-23DE006                  ',6.4337697,5.321,3.6128757,34.499985,34.771,2003.3
185,-57.43394333333333,52.51313666666667,2025-01-03,b'AI2600-22EU016                  ',1.8859385,2.037,0.5176953,34.37312,34.738,2004.9
186,-53.58076833333333,39.461236666666665,2025-01-03,b'AI2600-22EU018                  ',2.2235653,2.075,0.67380035,34.318398,34.6999,1986.1
187,-37.5065,38.633,2025-01-03,b'9197                            ',10.48823,10.464,4.363381,34.87265,35.5985,1998.09
188,-18.8714542388916,109.57868194580078,2025-01-03,b'8441                            ',7.555739,5.09245,6.1345196,34.783264,35.7509,1994.42
190,-56.11655,51.20108333333334,2025-01-03,b'AI2600-20DE031                  ',1.7914146,1.886,0.5900684,34.462864,34.735,2013.8
191,-38.5104,130.6774,2025-01-03,b'0905                            ',6.3985047,5.491,3.5774333,34.6237,34.998,2008.41
192,-48.603,143.451,2025-01-03,b'7328                            ',8.631724,9.241,1.5021033,34.559338,34.69508,1948.03
193,-34.517,130.933,2025-01-03,b'7634                            ',9.85967,9.2635,4.1469946,34.85697,35.76955,1397.62
194,-34.918,59.384,2025-01-03,b'8866                            ',11.456483,11.962999,3.383664,35.0089,35.4727,1998.99
195,-13.6535,92.1734,2025-01-03,b'0804                            ',7.9007993,5.4785004,6.352623,34.706295,35.1782,1998.29
196,12.933333333333334,89.81666666666666,2025-01-03,b'23006                           ',12.640254,8.743,9.278555,34.687065,35.037,1983.1
197,-31.41121,69.08694,2025-01-03,b'8503                            ',7.71794,6.007,5.098343,34.77772,35.756,2001.84
198,9.95,88.81666666666666,2025-01-03,b'23008                           ',12.141,8.477,9.249032,34.677273,35.036,2028.7
199,-34.0711,76.1978,2025-01-03,b'0925                            ',7.4620547,6.233,4.542391,34.729637,35.584,2002.32
202,-1.0,78.35,2025-01-03,b'24014                           ',11.739726,8.3925,8.868389,34.895676,35.217,1977.2
203,2.6166666666666667,80.11666666666666,2025-01-03,b'24002                           ',12.123756,8.59,9.21845,34.91512,35.256,2004.0
204,10.866666666666667,88.06666666666666,2025-01-03,b'23007                           ',12.488211,8.4845,9.420799,34.70485,35.044,2002.8
205,-13.6,87.41666666666667,2025-01-03,b'23035                           ',11.387259,6.939,9.314061,34.403515,34.97387,2026.9
206,-9.683333333333334,80.38333333333334,2025-01-03,b'23034                           ',11.412865,6.912,9.699536,34.669224,34.941,2003.7
210,-50.31083,42.977756666666664,2025-01-03,b'AI2600-23DE008                  ',2.5803578,2.356,0.80195546,34.369312,34.758,1995.6
211,-36.6864,24.3502,2025-01-03,b'1061                            ',9.692776,8.6885,5.479173,34.899086,35.625,1948.69
212,-34.91,108.731,2025-01-03,b'35                              ',4.533035,2.5205,4.319327,29.889456,30.78246,4025.04
213,3.211,85.873,2025-01-03,b'P32826-19CH029                  ',12.256911,8.411,9.452553,34.90887,35.166,1982.5
214,-54.5015,47.3139,2025-01-03,b'9007                            ',2.0068579,2.1104,0.4131527,34.51651,34.7448,1993.0
215,-41.4951,39.4916,2025-01-03,b'9707                            ',8.595387,8.144,3.462019,34.661816,35.20696,1598.57
216,-66.52536833333333,110.30723166666667,2025-01-03,b'AI2600-24AU023                  ',-1.7719721,-1.862,0.35557723,34.488796,34.576,1985.6
217,-25.64,81.329,2025-01-03,b'6374                            ',13.267615,11.562,5.551987,35.134693,35.81633,1997.46
218,-56.2251,89.3129,2025-01-03,b'9415                            ',2.0542457,2.108,0.37646353,34.48479,34.74129,1499.59
219,-8.6728,60.6692,2025-01-03,b'1595                            ',7.2377048,6.077,4.3823056,34.810814,35.119,2004.49
220,-47.603385,29.917828333333333,2025-01-03,b'AI2600-21EU013                  ',5.089885,4.668,2.2661784,34.36438,34.749,2015.9
221,-61.34,137.225,2025-01-03,b'8692                            ',1.8697664,2.0875,0.6083291,34.52926,34.74278,1999.23
223,-11.562,86.3207,2025-01-03,b'0639                            ',8.735042,6.553,6.221867,34.70563,35.072,1503.23
226,-49.91259,83.18091,2025-01-03,b'8724                            ',3.5865543,2.8200002,1.615125,34.455738,34.7416,2003.04
228,-56.1539435,102.52816916666667,2025-01-03,b'P53435-21AU001                  ',1.8017237,1.9755,0.67705387,34.460064,34.7342,1971.9
229,-40.35541833333333,72.53991,2025-01-03,b'AI2600-20FR003                  ',7.725847,8.2355,3.6091645,34.62688,34.948,2017.9
230,-23.552,87.9504,2025-01-03,b'10218                           ',12.582628,10.947,5.7979846,35.00803,35.806,1998.55
231,-58.281353333333335,69.64392666666667,2025-01-03,b'AI2600-20DE037                  ',1.6835349,1.8245,0.478366,34.581566,34.743,1981.9
232,-40.23893,60.25417,2025-01-03,b'f09234                          ',6.203685,4.261,4.0667014,34.63972,35.38466,1996.02
233,-45.653933333333335,117.98969666666666,2025-01-03,b'AI2600-18DE012                  ',6.8348107,7.176,3.2944279,34.56758,34.727,1980.0
234,-46.59829166666667,44.83734666666667,2025-01-03,b'AI2600-20DE023                  ',3.4829412,2.828,1.3729156,34.38999,34.74,2016.6
235,-13.213438333333333,86.91940666666666,2025-01-03,b'AI2600-22AU008                  ',7.575434,5.388,6.148247,34.717785,35.211,2025.5
236,-65.98214721679688,59.52455139160156,2025-01-03,b'9757                            ',0.4148404,0.4745,0.6545605,34.638237,34.7145,1998.17
237,-47.96987,62.305148333333335,2025-01-03,b'AI2600-20DE034                  ',2.8019652,2.562,0.86431897,34.44931,34.748,1972.5
238,-59.482,97.773,2025-01-03,b'0913                            ',1.3137788,1.38,0.50721765,34.653473,34.739,2001.01
241,-13.5708,47.4481,2025-01-03,b'1452                            ',13.039162,10.839,6.830532,34.892178,35.23814,1748.33
244,-43.036,123.036,2025-01-03,b'8718                            ',9.062227,9.298,1.9688708,34.623142,34.81463,1998.41
245,-23.2882,40.1667,2025-01-03,b'0900                            ',8.431522,5.788,5.9968944,34.558273,35.288,1993.98
246,-50.544,136.649,2025-01-03,b'8342                            ',5.3072634,5.483,1.6278299,34.26535,34.73177,1996.66
247,-68.05978393554688,77.26216125488281,2025-01-03,b'9755                            ',-1.7030832,-1.8624,0.43048394,34.484016,34.5656,466.92
248,-39.062783333333336,132.49621666666667,2025-01-03,b'AI2600-23AU114                  ',6.441904,4.931,4.0168576,34.665672,35.396,1977.4
249,-29.75,49.6318,2025-01-03,b'9791                            ',12.754551,12.562,4.11089,35.10973,35.65799,1499.49
250,0.920753,78.032242,2025-01-03,b'451500                          ',8.285478,6.9454,5.7302155,34.9396,35.25583,1993.91
251,-14.36304,78.40282,2025-01-04,b'AI2600-22AU019                  ',7.9667273,5.8445,6.0658846,34.743294,35.15167,1975.4
253,13.3689,67.3516,2025-01-04,b'1486                            ',13.21222,11.66,5.2525573,35.543636,36.67,1949.12
255,-36.9586,54.0496,2025-01-04,b'9202                            ',11.130728,11.5853,3.547699,34.980076,35.5493,1995.98
256,-28.874,64.928,2025-01-04,b'8376                            ',12.261774,11.6245,4.7108417,35.04678,35.73612,1949.68
257,-39.57238666666667,67.47475166666666,2025-01-04,b'AI2600-23AU124                  ',7.507937,5.962,4.3952513,34.741272,35.37657,2002.7
258,-49.31731833333333,43.972405,2025-01-04,b'AI2600-19DE010                  ',3.3227394,2.703,1.228981,34.337563,34.764,1976.5
259,-60.980005,128.12013833333333,2025-01-04,b'AI2600-18DE009                  ',1.6610243,1.8685,0.57930034,34.474564,34.743,2021.7
260,23.963065,63.15671666666667,2025-01-04,b'AI2600-21FR122                  ',12.7513895,11.9725,5.9421053,35.76402,36.756,2021.9
262,-9.361,80.792,2025-01-04,b'44                              ',4.1642737,2.1647,4.83378,39.12072,41.55962,4519.56
264,-55.560406666666665,112.96105166666666,2025-01-04,b'AI2600-18DE011                  ',2.3716123,2.2065,0.8784614,34.442917,34.747,2027.0
265,5.6547,82.4196,2025-01-04,b'0856                            ',9.70929,8.182,6.079759,33.282143,42.175,1948.65
266,-45.2977,63.5267,2025-01-04,b'9198                            ',6.8559,6.1294,3.0260878,34.491253,34.8878,1997.59
267,-51.9114,49.4722,2025-01-04,b'10087                           ',2.8690264,2.6715002,0.4783699,34.28144,34.7385,2000.11
268,-33.26,97.509,2025-01-04,b'0844                            ',6.953931,5.2139997,4.2313294,34.712574,35.569,1982.06
270,-30.8934,53.8441,2025-01-04,b'1212                            ',8.4918375,7.285,5.4397063,34.834213,35.672,1974.17
272,11.922668333333334,46.63117333333334,2025-01-04,b'AI2600-21FR121                  ',13.470181,13.817,5.145467,35.788086,36.331,1940.9
274,-42.621085,44.46521166666667,2025-01-04,b'AI2600-23DE007                  ',4.655241,3.504,2.5024037,34.31016,34.76,2012.8
277,-58.74108,114.009,2025-01-04,b'8880                            ',1.8972903,1.915,0.44793802,34.587418,34.73526,2005.64
278,-36.3643,119.0025,2025-01-04,b'1086                            ',7.8874955,7.8405,4.122945,34.702034,35.626,2000.82
279,-25.2307,67.62,2025-01-04,b'10079                           ',13.08359,11.787001,5.4232078,35.06376,35.671,1999.95
280,-7.983333333333333,73.93333333333334,2025-01-04,b'23030                           ',11.199885,7.201,9.054492,34.718548,35.242,2034.8
281,-7.583333333333333,69.73333333333333,2025-01-04,b'23032                           ',10.768417,7.082,8.608424,34.70798,35.04294,2014.7
284,8.616666666666667,89.96666666666667,2025-01-04,b'23011                           ',12.304427,8.288,9.376681,34.774933,35.049,2009.1
285,7.616666666666667,91.4,2025-01-04,b'23009                           ',12.04463,7.985,9.3589325,34.759792,35.061,2015.5
286,22.333333333333332,65.78333333333333,2025-01-04,b'23019                           ',13.3616085,11.313,7.673256,35.72615,36.609,1961.9
288,-1.05,97.815,2025-01-04,b'P32800-19CH025                  ',12.380765,7.9895,9.835485,34.678913,35.13801,1978.2
289,4.0364,65.3151,2025-01-04,b'1494                            ',8.66775,7.533,5.271882,35.066776,36.048,1959.79
290,-1.171,89.171,2025-01-04,b'P32800-19CH028                  ',12.150159,8.158,9.592833,34.89205,35.18927,1984.8
291,-22.462175,79.68891,2025-01-04,b'P43244-24DE001                  ',12.725791,11.854,7.018753,35.090252,35.749,1964.3
293,-40.93313,129.72778,2025-01-04,b'8897                            ',6.1110206,5.123,3.3338895,34.581135,34.84319,2002.04
294,-24.7704,107.7029,2025-01-04,b'9788                            ',11.411226,9.851,5.7656236,34.96757,35.80761,1598.73
295,-38.85892,93.09446,2025-01-04,b'8881                            ',7.1439376,6.377,3.862778,34.643238,35.1035,2002.0
296,-33.1759,65.4269,2025-01-04,b'0930                            ',7.8691254,6.296,4.918569,34.786026,35.614,2000.22
297,23.067231666666668,59.29137,2025-01-04,b'AI2600-21FR123                  ',14.340208,13.094,6.0022135,35.901844,36.848,1446.3
300,-61.04876,100.84996,2025-01-04,b'6039                            ',1.0245321,1.1255,0.7858371,34.589294,34.7394,4570.0
301,-29.849,93.893,2025-01-04,b'8717                            ',10.308381,9.948,3.7426043,34.886517,35.97008,1998.08
302,5.43165,64.22889,2025-01-04,b'7324                            ',12.721786,10.796,5.375626,35.276432,36.197,995.28
304,-67.14871808059068,37.37511274563755,2025-01-04,b'9135                            ',0.37003195,0.47155,0.74664,34.641964,34.7105,1998.0
305,-38.795,117.119,2025-01-04,b'7770                            ',9.909373,9.5795,2.5426626,34.75826,35.294,1599.47
306,-12.314,88.446,2025-01-04,b'8654                            ',10.770737,8.149,6.516988,34.72171,35.12466,1997.57
307,-43.69436,96.61415333333333,2025-01-04,b'AI2600-20DE035                  ',5.9299636,4.321,3.3158941,34.559906,34.91862,2021.6
308,-38.48151,59.35238,2025-01-04,b'8734                            ',7.4016542,5.743,4.4144015,34.7063,35.36602,2005.2
311,-25.4001,68.379,2025-01-04,b'1323                            ',8.722689,6.2124996,6.33065,34.846973,35.708,1961.64
312,-39.340158333333335,138.66913,2025-01-04,b'AI2600-23AU116                  ',6.0454164,4.713,3.4687612,34.597847,34.996,2017.4
313,2.2698,54.8206,2025-01-04,b'1484                            ',11.659716,10.03,4.6138535,35.116104,35.513,1998.38
314,9.433333333333334,66.8,2025-01-05,b'23040                           ',16.769938,13.073,7.7017083,35.66924,36.615,1014.5
315,-44.82051833333333,132.606865,2025-01-05,b'AI2600-22AU009                  ',6.1393914,5.531,3.015593,34.53625,34.752,1987.1
317,-15.976556666666667,74.95270833333333,2025-01-05,b'AI2600-22AU024                  ',7.667353,5.082,6.340255,34.766285,35.572,2021.0
318,-14.87544,87.24097,2025-01-05,b'8864                            ',7.8241973,5.4335003,6.448113,34.731766,35.34108,1999.92
320,-41.397,137.3445,2025-01-05,b'1072                            ',6.3333335,5.838,3.0910287,34.5641,34.828,1998.62
322,-34.2913,78.8111,2025-01-05,b'9786                            ',10.867452,10.935,3.0871913,34.89445,35.50101,1600.02
323,-0.1678,65.5261,2025-01-05,b'1501                            ',11.717015,10.099,5.5260525,35.03514,35.29394,1949.86
324,-46.517,87.001,2025-01-05,b'8870                            ',6.4778857,6.086,2.3738148,34.4038,34.753,1998.45
325,-63.42375564575195,108.0101547241211,2025-01-05,b'9752                            ',0.7108597,0.77639997,0.5471975,34.649506,34.7176,1998.1
326,-49.761541666666666,94.46084166666667,2025-01-05,b'AI2600-18DE013                  ',4.032073,2.9365,1.889411,34.411667,34.75,1982.5
328,-54.6386,35.2981,2025-01-05,b'10061                           ',1.821649,1.87369,0.44211966,34.608044,34.76518,1998.452
329,-42.9089,43.2972,2025-01-05,b'9608                            ',4.57172,3.7790499,2.0556133,34.251453,34.7697,1998.15
330,-6.6393,41.21,2025-01-05,b'0825                            ',8.612856,6.9255,5.53665,34.909756,35.266,1999.28
333,-26.360016666666667,81.22613666666666,2025-01-05,b'AI2600-23AU107                  ',8.203868,5.3135004,6.0215898,34.839474,35.852,1999.2
334,-49.35755666666667,61.723573333333334,2025-01-05,b'AI2600-17EU017                  ',3.0927513,2.672,1.0730858,34.329502,34.779,1992.0
335,-27.6871,78.1096,2025-01-05,b'1216                            ',9.168248,8.865,5.1678333,34.834743,35.919,1999.87
336,-38.759,117.168,2025-01-05,b'7770                            ',9.884394,9.652,2.4893208,34.74953,35.246,1599.17
337,-60.23110666666667,26.418326666666665,2025-01-05,b'AI2600-23DE009                  ',1.0069152,1.024,0.4928168,34.501217,34.717,1982.9
338,-45.137,85.065,2025-01-05,b'9178                            ',5.745918,5.469,1.8701795,34.262135,34.67083,1600.15
339,-38.2937,46.5487,2025-01-05,b'9609                            ',9.113207,8.9435,3.911806,34.73227,35.4702,1997.61
341,-46.20117,132.81265,2025-01-05,b'8891                            ',5.8957424,5.013,2.904632,34.521957,34.69156,2001.92
343,-35.4491,87.0668,2025-01-05,b'0907                            ',7.0494695,5.662,4.012388,34.672546,35.1866,1987.4
345,-23.685158333333334,99.02996,2025-01-05,b'AI2632-24DE008                  ',9.78909,6.642,7.0821447,34.98236,35.841,2027.4
346,-35.0034,122.4491,2025-01-05,b'9782                            ',9.815747,9.642,3.145893,34.779594,35.60007,1699.41
347,-49.287108333333336,60.02952666666667,2025-01-05,b'AI2600-19DE041                  ',3.1177773,2.563,1.2252257,34.313637,34.761,1984.3
348,13.05,82.46666666666667,2025-01-05,b'23012                           ',11.00536,8.823,7.5405326,34.548176,35.074,2013.4
350,-1.4,79.96666666666667,2025-01-05,b'24003                           ',11.875666,8.7955,8.8679695,34.926178,35.18939,1982.3
351,7.766666666666667,66.31666666666666,2025-01-05,b'23038                           ',12.371825,9.459,8.6937475,35.258263,36.251,2012.9
352,7.616666666666667,87.4,2025-01-05,b'23010                           ',11.836646,8.526,8.736333,34.72296,35.11,1988.1
353,-30.71599,59.7055,2025-01-05,b'12046                           ',7.3462086,3.161,6.7822165,34.925728,35.77201,4098.8
354,-41.7448,55.367,2025-01-05,b'9610                            ',10.948287,11.4807,4.0812182,34.93223,35.5804,1998.54
355,1.4566616666666667,80.85076166666667,2025-01-05,b'P41305-23IN004                  ',15.0320215,11.035,9.613895,34.936417,35.179,1966.8
357,-64.58583,49.44736833333333,2025-01-05,b'AI2632-23AU003                  ',0.718976,1.041,0.80110353,34.613922,34.722,1961.7
358,-42.7156,76.5208,2025-01-05,b'9611                            ',7.312959,6.8659496,2.942468,34.508984,35.0074,1996.35
359,-66.2198,144.6031,2025-01-05,b'9494                            ',-1.5087007,-1.58,0.2351763,34.381287,34.50761,276.42
360,-63.68,107.897,2025-01-05,b'36                              ',0.38607544,0.28985,0.57378095,34.66057,34.72805,3314.4
361,6.908276666666667,68.84723333333334,2025-01-05,b'P41305-23IN003                  ',15.444736,11.801,9.451065,35.410618,36.43,1960.1
362,-27.86201,76.65329,2025-01-05,b'8717                            ',8.048486,5.611,5.6039934,34.815968,35.9304,2005.4
363,-53.21784,33.74309,2025-01-05,b'8448                            ',2.209032,2.184,0.36786297,34.450245,34.74338,1111.28
364,14.820655,64.12618333333333,2025-01-05,b'P41305-23IN002                  ',15.197054,12.603,7.922708,35.718548,36.676,1964.8
365,-35.27962,34.58519,2025-01-05,b'8718                            ',9.037342,7.746,5.4829464,34.88466,35.6388,2009.72
367,-59.407446666666665,77.62787666666667,2025-01-05,b'AI2600-22AU003                  ',1.3884366,1.531,0.6186351,34.63676,34.737,1159.2
368,-63.81361166666667,65.09245,2025-01-05,b'AI2600-18EU013                  ',0.871323,1.196,1.1194345,34.47935,34.7322,2002.9
369,-56.3317,25.6794,2025-01-05,b'8991                            ',0.93972445,0.8928,0.4799799,34.573383,34.6961,1992.77
370,-7.141,67.9882,2025-01-05,b'1596                            ',7.3543334,5.977,4.65409,34.828617,35.147,1976.26
371,12.267,87.494,2025-01-05,b'P32800-19CH016                  ',11.968395,8.528,8.734724,34.81801,35.03992,1984.3
373,7.293422,64.813896,2025-01-05,b'557260                          ',8.901097,7.7998,5.4770617,35.13466,36.24867,1997.1
374,-34.38,67.634,2025-01-05,b'8809                            ',11.369943,11.734,3.466588,34.987507,35.58905,1998.93
375,-11.208148333333334,48.548161666666665,2025-01-05,b'AI3500-22FR003                  ',11.137949,8.75,7.6413417,34.848186,35.37263,2016.9
376,-65.964425,107.95694333333333,2025-01-05,b'AI2600-23AU001                  ',-1.7294859,-1.837,0.36727893,34.460052,34.575,659.0
378,-62.9480596,102.2932641,2025-01-05,b'12074                           ',0.55703944,0.725,0.68033457,34.586452,34.72674,2803.2
379,-42.506,96.324,2025-01-05,b'0922                            ',6.3593845,4.9715,3.424756,34.58754,34.913,2000.92
380,-31.912,91.8829,2025-01-05,b'0908                            ',6.200843,3.941,4.8037405,34.7448,36.099,1998.13
388,-45.164278333333336,88.02423,2025-01-05,b'AI2600-20DE024                  ',4.3812633,3.274,2.1932917,34.44537,34.728,1977.3
389,-42.521433333333334,95.25065666666667,2025-01-05,b'AI2600-20DE030                  ',6.3011265,4.765,3.4901395,34.594383,34.93,2001.0
390,-32.03157,48.605403333333335,2025-01-05,b'AI2600-22DE001                  ',11.280868,12.387,6.576907,35.047356,35.671,2015.9
391,-45.34567,38.83514666666667,2025-01-05,b'AI2600-20DE025                  ',3.5629582,2.897,1.5434991,34.40992,34.767,2016.5
392,-32.667,63.323,2025-01-05,b'8608                            ',7.4432635,5.4702,4.663782,34.779823,35.487,2015.5
393,-24.68034,103.48039,2025-01-05,b'7782                            ',7.6697273,4.902,5.8690124,34.80886,35.799,2004.08
395,-11.9652,58.1473,2025-01-05,b'1448                            ',11.650219,9.4615,6.2468038,34.8842,35.55029,1801.49
396,-38.72404,108.03798,2025-01-05,b'8477                            ',6.6048217,5.085,3.7673175,34.61761,35.1766,2005.04
397,-19.06267,71.17609,2025-01-05,b'8869                            ',8.486471,4.7855,6.8352194,34.84743,35.76144,2004.08
398,-34.59,33.2281,2025-01-05,b'1079                            ',8.278349,6.33,5.373642,34.798073,35.654,1948.99
399,-44.2752,114.8975,2025-01-05,b'1059                            ',6.3321085,5.59,3.1636305,34.561493,34.77324,2003.78
401,-16.369165,64.739605,2025-01-06,b'AI2600-22AU025                  ',7.9052296,5.4154997,6.4548798,34.815475,35.658,2007.3
402,-29.151643333333332,43.63856666666667,2025-01-06,b'AI2600-24DE005                  ',11.033158,10.07,7.329699,34.98289,35.644,1992.6
403,23.983795,62.920496666666665,2025-01-06,b'AI2600-21FR122                  ',12.881709,11.966499,5.907809,35.773922,36.652,2000.8
404,-5.681546666666667,50.91607333333333,2025-01-06,b'AD2700-19FR004                  ',7.912199,7.091,6.2927938,34.85686,35.16506,3970.9
405,6.3659,67.6871,2025-01-06,b'1497                            ',8.914642,7.399,5.7260175,35.07446,35.81,1988.91
407,-44.9931,84.3027,2025-01-06,b'8981                            ',6.030257,5.4854,2.4595304,34.38395,34.7392,1994.88
408,-18.62003,101.02764,2025-01-06,b'8867                            ',7.7485237,5.249,6.1834702,34.788994,35.79115,2004.0
410,-62.330013275146484,81.2393569946289,2025-01-06,b'8457                            ',1.3383179,1.4556501,0.61700845,34.667873,34.7401,1685.6
411,-65.98043823242188,88.02603912353516,2025-01-06,b'10359                           ',-1.8573083,-1.87,0.06512976,34.386406,34.4301,604.75
412,-43.359,132.108,2025-01-06,b'8725                            ',8.98975,9.256,1.6429204,28.400665,28.58,1598.96
413,-26.7285,57.647,2025-01-06,b'1209                            ',9.942549,9.268,5.8374147,34.865143,35.692,1949.04
414,-26.00705,58.06783,2025-01-06,b'8873                            ',7.898568,5.645,5.7733,34.81382,35.734,2002.0
415,-55.8164,20.0226,2025-01-06,b'10059                           ',0.35808203,0.327635,0.29528153,34.632954,34.69579,1998.467
416,-63.05995559692383,102.77335357666016,2025-01-06,b'9292                            ',0.8388859,0.87735,0.4927105,34.665493,34.72829,1997.91
417,-64.60062432403589,96.9259798454834,2025-01-06,b'10358                           ',-1.8219849,-1.8341,0.05276169,34.379333,34.4657,547.22
418,-38.58922833333333,60.422355,2025-01-06,b'AI2600-19DE039                  ',9.866077,11.4165,5.238216,34.921898,35.441,2021.6
419,12.00032,46.344678333333334,2025-01-06,b'AI2600-21FR121                  ',13.721371,13.7225,5.3227334,35.816677,36.45,1897.2
420,-22.79578,56.64247,2025-01-06,b'8870                            ',8.901182,5.914,6.892129,34.83866,35.61227,2002.0
421,-40.657875061035156,118.27554321289062,2025-01-06,b'9035                            ',6.1948376,5.2418003,3.273553,34.562973,34.8375,1987.25
422,-27.764593333333334,76.88943333333333,2025-01-06,b'AI2600-22AU014                  ',7.8289466,5.311,5.4250345,34.796406,35.8,2021.2
423,-47.325,103.574,2025-01-06,b'9248                            ',5.727914,5.1095,2.1605625,34.371822,34.64417,1499.55
424,-65.63488006591797,68.1324234008789,2025-01-06,b'9032                            ',0.34958196,0.4094,0.55979705,34.651283,34.70285,1997.85
425,-32.70875,47.13092,2025-01-06,b'8730                            ',8.525815,7.169,5.3174767,28.899479,29.5811,2005.32
426,-38.809,97.482,2025-01-06,b'7268                            ',9.824832,10.188,2.4126668,34.745644,34.98893,1948.86
428,-32.0301,69.9477,2025-01-06,b'9708                            ',11.60578,11.6925,3.6070824,35.000477,35.74367,1699.19
429,-57.767995,21.6167,2025-01-06,b'20016                           ',0.61769336,0.488,0.52516586,34.51864,34.691,2015.6
430,-63.26483693713392,55.99120305956298,2025-01-06,b'AI2600-19DE043                  ',1.0952153,1.1324999,0.68870324,34.54209,34.729,2030.6
433,-23.459493333333334,102.24989,2025-01-06,b'AI2632-24DE009                  ',9.533836,5.984,6.967581,34.951572,35.781,2037.3
434,-37.9329,113.8138,2025-01-06,b'1065                            ',6.6280265,5.9344997,3.4791994,34.597565,34.99872,1948.66
435,-4.266666666666667,77.35,2025-01-06,b'24007                           ',10.908457,7.788,8.177757,34.79596,35.18742,2005.1
437,-0.7833333333333333,84.65,2025-01-06,b'23026                           ',12.060699,8.667,9.421383,34.859505,35.12794,2007.4
438,-3.466666666666667,63.016666666666666,2025-01-06,b'23028                           ',10.693242,8.319,7.788439,34.90442,35.202,2012.1
439,9.916666666666666,67.43333333333334,2025-01-06,b'23039                           ',12.2266655,9.9255,8.202745,35.385746,36.606,1986.4
441,17.206981666666668,69.05862833333333,2025-01-06,b'P41305-23IN001                  ',15.358264,12.803,7.8168135,35.37101,35.599,1972.4
442,-34.26045,98.69303,2025-01-06,b'8890                            ',6.793791,5.05,4.049237,34.674026,35.24447,2006.08
443,-56.13461685180664,131.3806610107422,2025-01-06,b'8831                            ',2.0123284,2.06455,0.4714628,34.580544,34.7474,1989.55
444,-43.8511,61.0665,2025-01-06,b'7023                            ',9.375508,11.321,4.3387313,34.83549,35.339,1898.9
445,-62.321873333333336,35.980175,2025-01-06,b'AI2632-19EU037                  ',0.780448,0.907,0.76499116,34.551445,34.72472,1987.5
446,-20.486,92.798,2025-01-06,b'7638                            ',12.164583,10.264,6.339003,34.968544,35.80155,1999.55
447,3.3135,80.7019,2025-01-06,b'1472                            ',12.5471,10.398,6.56118,35.06001,35.36901,1949.68
449,-37.9569,92.7995,2025-01-06,b'9540                            ',10.023704,10.379,2.3056295,34.776485,35.04972,1699.62
450,-3.1056,58.2726,2025-01-06,b'1593                            ',7.6785445,6.4445,5.1152115,34.868668,35.197,2021.48
452,-27.10022,76.0673,2025-01-06,b'8871                            ',8.33366,5.64,6.085279,34.830482,35.75565,2010.08
453,23.058578333333333,59.26593166666667,2025-01-06,b'AI2600-21FR123                  ',14.72649,13.481501,5.780098,35.912315,36.673,1337.2
455,-28.25942,67.08316,2025-01-06,b'12048                           ',5.813815,2.073,6.2681794,34.854187,35.78103,4154.9
457,-25.5069,56.3413,2025-01-06,b'1210                            ',8.751765,6.232,6.4804173,34.725235,35.554,1969.55
459,-66.06793212890625,107.468017578125,2025-01-06,b'9291                            ',-1.7889892,-1.88885,0.2998519,34.490288,34.573,707.31
461,-7.311595,49.017425,2025-01-06,b'AD2700-20FR012                  ',7.6751804,6.51,6.0844927,34.84955,35.15011,3958.1
462,19.020355,61.46277,2025-01-06,b'AI2600-20FR017                  ',12.68229,11.876,5.8534317,35.657066,36.4163,1996.2
467,-28.65788,51.80445,2025-01-06,b'8725                            ',8.01704,5.9195004,5.627974,28.574709,29.2636,2003.72
468,-66.495345,110.30509166666667,2025-01-06,b'AI2600-24AU023                  ',-1.7756143,-1.864,0.25980318,34.487156,34.577,1962.9
469,-51.30094833333333,63.388025,2025-01-06,b'AI2600-20DE022                  ',2.5635457,2.464,0.6437685,34.482105,34.759,2007.6
470,-23.6716,99.138,2025-01-06,b'9533                            ',11.697757,10.1189995,5.5487733,34.972614,35.836,1997.17
471,-42.409,143.344,2025-01-06,b'8691                            ',9.358458,9.322,2.284227,34.72758,35.07511,1599.14
472,-23.17591,77.14293,2025-01-06,b'8872                            ',8.289552,5.075,6.3730636,34.8341,35.7478,2002.08
474,-25.034081666666665,110.6419,2025-01-06,b'AI2600-24AU001                  ',7.8051205,4.8635,6.1756186,34.798954,35.81438,2005.3
475,-44.2503,66.9287,2025-01-06,b'9201                            ',6.880259,6.6132,2.7797854,34.45278,34.825,1997.96
476,-61.396,113.027,2025-01-06,b'36                              ',1.3494489,1.409,0.55201584,34.681984,34.76435,2206.98
477,-52.19054,96.87589,2025-01-06,b'12072                           ',2.302519,2.349,0.93597203,34.52749,34.74691,3950.7
478,-36.088,117.571,2025-01-06,b'7402                            ',9.460717,9.588,2.96776,34.7043,35.16963,1997.69
479,-60.14032238095238,48.498711088435364,2025-01-06,b'AI2600-20DE032                  ',1.3168222,1.396,0.5419633,34.6233,34.733,2007.6
480,-15.6492,96.4508,2025-01-06,b'1336                            ',7.503494,5.214,5.9609528,34.78554,35.726,1999.3
485,8.62321,58.52494,2025-01-06,b'7818                            ',8.993879,8.0015,5.2312446,35.159622,35.746,2005.72
486,-64.6535,127.2105,2025-01-06,b'9492                            ',0.44022486,0.698,0.69806856,34.58974,34.70145,1599.37
487,-33.10617333333333,107.14747166666666,2025-01-07,b'AI2600-22AU007                  ',6.5760303,4.1735,4.5434113,34.716736,36.029,1971.1
489,-33.37598833333333,104.78142,2025-01-07,b'AI2600-22AU006                  ',7.044011,4.703,4.696799,34.739872,35.876,1985.2
490,-35.169,108.214,2025-01-07,b'7265                            ',11.032507,10.054,3.9278893,34.938442,35.94398,1744.33
491,-44.825855,56.02598833333333,2025-01-07,b'AI2600-20DE018                  ',3.6930978,2.932,1.8708097,34.435005,34.756,1972.1
492,-36.45339,106.64515,2025-01-07,b'8858                            ',8.742395,8.738,4.3650565,34.777843,35.9025,1428.0
494,-25.37224,56.17529,2025-01-07,b'6107                            ',7.2650766,3.8865,6.7907515,35.285988,36.14608,5086.5
495,-25.37451,56.17439,2025-01-07,b'6107                            ',12.79437,12.6,7.80657,35.62844,36.13108,4675.6
496,-42.11484,114.01381,2025-01-07,b'8892                            ',6.3899117,5.507,3.3510711,34.5752,34.8182,2001.8
498,-31.353,60.077,2025-01-07,b'9177                            ',11.986707,12.261,3.4003034,35.05357,35.61892,1599.22
499,-39.383975,25.734131666666666,2025-01-07,b'AI2632-24DE003                  ',7.132968,4.634,5.0212536,34.74783,35.425,1989.2
500,-40.04505833333333,30.45628333333333,2025-01-07,b'AI2632-24DE001                  ',9.930709,8.0875,6.7545466,34.884502,35.576,2006.0
501,-57.831607818603516,96.6539535522461,2025-01-07,b'9753                            ',1.4881042,1.5484,0.46564886,34.631363,34.7356,1996.05
502,11.9429,49.2465,2025-01-07,b'5024                            ',13.933445,14.289,5.5833497,35.753963,36.272,2003.6
503,-0.9164,66.6801,2025-01-07,b'1292                            ',8.236198,6.648,5.4093223,34.948986,35.266,1980.49
504,3.7203,53.0463,2025-01-07,b'0840                            ',9.198064,7.9815,4.6228657,35.088745,35.446,1998.26
505,-20.92214584350586,104.92769622802734,2025-01-07,b'9293                            ',7.567517,4.9924,5.88647,34.810177,35.7281,1995.62
506,-62.75065231323242,104.88358306884766,2025-01-07,b'8838                            ',1.0203131,1.0953,0.4885101,34.66578,34.7374,1987.72
508,-35.4433,95.1654,2025-01-07,b'1078                            ',7.099297,5.932,3.9572682,34.66218,35.188,1948.62
509,-24.4769,56.1811,2025-01-07,b'1488                            ',13.887648,12.366,6.093982,35.05991,35.647,2000.1
513,-53.18294,75.08764833333333,2025-01-07,b'AI2600-23AU118                  ',2.3263905,2.379,0.35892835,34.30648,34.66,927.5
514,-51.93380666666667,101.18785,2025-01-07,b'AI2600-16FR101                  ',2.7487879,2.6135,0.9289712,34.376263,34.75,2026.3
515,-22.912900924682617,109.5327377319336,2025-01-07,b'9297                            ',11.043337,8.867,6.659376,34.894012,35.7401,1992.79
517,0.03333333333333333,77.81666666666666,2025-01-07,b'23024                           ',11.991614,8.618,9.151797,34.818558,35.20783,1962.4
519,-20.0468,67.6786,2025-01-07,b'1207                            ',8.577979,4.9195004,6.6270804,34.85477,35.697,1968.94
520,13.016666666666667,69.96666666666667,2025-01-07,b'23020                           ',12.311715,10.0725,8.015629,35.35754,36.305,2002.2
523,-67.98625183105469,77.4904556274414,2025-01-07,b'9755                            ',-1.6080682,-1.8558,0.6867224,34.476837,34.5646,413.66
524,-42.6935,118.4557,2025-01-07,b'1050                            ',7.4936757,8.4405,2.7967923,34.551975,34.83457,1948.72
525,-43.5535,35.0494,2025-01-07,b'0740                            ',4.084063,3.2785,1.8977917,34.445812,34.789,2005.56
526,-23.698313333333335,87.90666666666667,2025-01-07,b'P43244-24DE002                  ',12.976684,11.7155,7.0724883,35.09623,35.814,1981.6
527,-31.1372,109.4611,2025-01-07,b'9792                            ',9.955482,9.495501,4.4517775,34.84347,35.91496,1499.03
528,-45.15184333333333,51.777025,2025-01-07,b'AI2600-19DE002                  ',3.3083541,2.554,1.7392887,34.37045,34.765,1978.9
529,-23.359736666666667,73.30955,2025-01-07,b'AI2632-24DE007                  ',10.2695875,8.228,7.256588,34.9737,35.746,1991.2
532,-28.118,83.018,2025-01-07,b'8868                            ',11.798327,10.878,4.8087564,35.043774,36.02779,1999.02
535,-65.60118103027344,106.71089172363281,2025-01-07,b'9754                            ',-1.7878752,-1.8879,0.39525896,34.496174,34.5799,721.0
536,-38.713,117.184,2025-01-07,b'7770                            ',9.919665,9.78,2.515499,34.75381,35.274,1599.31
537,-48.524,112.24,2025-01-07,b'7957                            ',4.076785,2.962,1.9294777,34.41252,34.74384,2000.6
538,-31.770996666666665,30.317175,2025-01-07,b'AD2700-20FR008                  ',11.708836,11.9,8.083297,35.063114,35.61519,2953.4
541,-37.13317166666667,30.339591666666667,2025-01-07,b'AI2600-21DE029                  ',9.21186,7.692,5.7197237,34.86878,35.579,2010.7
542,-23.023288333333333,49.79074166666667,2025-01-07,b'AI2632-24DE005                  ',9.7407,6.519,7.5320544,34.928516,35.641,2036.9
543,-12.2074,84.5777,2025-01-07,b'0805                            ',7.8639627,5.623,6.2371216,34.731518,35.491,1998.34
544,-35.44863,102.70092,2025-01-07,b'8475                            ',6.6996727,4.865,4.0644336,34.66103,35.4158,2003.44
545,-37.9221,105.4485,2025-01-07,b'0794                            ',6.6069455,5.698,3.4675498,34.602,34.9126,1999.46
546,-45.36553,93.30284,2025-01-07,b'7642                            ',4.375879,3.179,2.2904096,34.47812,34.73109,2006.24
547,-27.85741,66.54203,2025-01-07,b'8875                            ',7.74135,5.5474997,5.540655,34.800533,35.76383,2004.08
548,-36.9025,102.499,2025-01-07,b'1053                            ',6.551796,4.621,4.0143414,34.67452,35.471,2005.32
549,-29.431325,112.742005,2025-01-07,b'AI2600-24AU010                  ',7.047959,4.3605003,5.4035015,34.772377,35.92158,2005.5
550,-63.795,21.427,2025-01-07,b'9179                            ',0.74692875,0.879,0.6323213,34.62158,34.70494,1898.98
552,-66.02823638916016,95.21514892578125,2025-01-07,b'10343                           ',-1.5947714,-1.8069,0.53367317,34.39675,34.457,709.19
553,-26.963,68.702,2025-01-07,b'8861                            ',12.466414,11.577499,5.2119265,35.04085,35.71015,1998.11
555,-68.16199231755125,31.45697030870052,2025-01-07,b'9283                            ',0.041993104,0.4296,0.8981657,34.59077,34.68815,1030.374
556,15.805,87.297,2025-01-07,b'P32800-19CH017                  ',12.090735,8.593,8.769047,34.493393,35.035,1984.5
559,-37.04275,91.54964,2025-01-08,b'8722                            ',6.8150334,5.882,3.79505,34.656944,35.1211,2013.56
560,-48.626385,144.28609833333334,2025-01-08,b'P44043-22AU001                  ',8.799972,9.428,2.1178205,34.559612,34.82706,1965.2
562,12.160095,46.11846666666667,2025-01-08,b'AI2600-21FR121                  ',13.604878,13.69,5.4295135,35.827953,36.455,1967.0
563,-43.4832,121.4006,2025-01-08,b'1074                            ',6.1201134,5.142,3.1049807,34.541805,34.712,1994.54
564,-38.9125,121.7873,2025-01-08,b'1091                            ',6.8705773,5.9624996,3.9189138,34.651173,35.435,1998.57
565,-46.037085,43.42592166666667,2025-01-08,b'AI2600-20DE019                  ',3.4403465,2.818,1.391536,34.41061,34.759,1986.1
566,-36.282,82.837,2025-01-08,b'8715                            ',10.715593,11.124,2.850137,34.882946,35.28113,1998.21
568,-16.76263,106.63703,2025-01-08,b'8862                            ',7.788684,5.2720003,6.436733,34.761528,35.65404,1999.72
570,-37.499,66.497,2025-01-08,b'8696                            ',11.43442,12.3615,2.4484,35.001415,35.33424,1599.06
571,-47.13783,20.98926,2025-01-08,b'8613                            ',2.8646457,2.604,0.7574627,34.449936,34.7674,2004.04
572,-38.639,117.183,2025-01-08,b'7770                            ',9.910666,9.662,2.5762963,34.760426,35.283,1699.25
573,-42.58754833333333,30.982735,2025-01-08,b'AI2632-24DE004                  ',6.11224,4.2405,3.7383819,34.586533,34.816,2018.2
574,11.395163333333333,84.325045,2025-01-08,b'AI2632-23DE006                  ',9.85199,8.715,6.0042114,34.856388,35.046,1987.5
575,-33.5439,40.8917,2025-01-08,b'0839                            ',9.194855,8.4655,4.9939003,34.86575,35.628,1948.51
576,-52.289406,101.772858,2025-01-08,b'8673                            ',2.2990465,2.3076,0.54059476,34.529522,34.74468,1992.49
577,-1.5021666666666667,57.178821666666664,2025-01-08,b'AI2600-18FR112                  ',10.271548,8.954,6.2954526,32.325726,32.454,1982.1
578,-43.11112333333333,76.430965,2025-01-08,b'AI2600-22DE002                  ',5.391542,3.965,3.01194,34.473557,34.733,2001.3
579,-23.234863333333333,55.47448833333333,2025-01-08,b'AI2600-22AU012                  ',8.931942,6.1365004,6.9118266,34.835167,35.626,2019.7
581,-39.6302,114.2314,2025-01-08,b'9785                            ',9.47055,9.597,2.01212,34.659042,34.84093,1599.44
582,-32.719,66.948,2025-01-08,b'7172                            ',14.177962,13.681,3.7838995,2.3360384,2.399,997.5
584,-64.19655333333333,22.464205,2025-01-08,b'AI2600-20EU001                  ',0.23820369,0.5755,1.013584,34.48496,34.6968,2012.0
585,-27.54782,107.1996,2025-01-08,b'8511                            ',7.0526953,3.995,5.4406505,34.781727,35.9518,2011.16
586,-66.1544189453125,34.15462112426758,2025-01-08,b'9025                            ',0.07462255,0.2179,0.6742043,34.618927,34.6834,1996.59
587,-47.03951644897461,124.37672424316406,2025-01-08,b'9022                            ',6.233095,5.8636,2.8788733,34.524307,34.6883,1996.09
588,-15.2918,76.2891,2025-01-08,b'0860                            ',8.326444,6.2465,5.745713,34.81388,35.693,2000.7
589,-11.9392751,95.0410229,2025-01-08,b'11102                           ',8.417753,5.94,6.2668138,34.6842,34.90116,1988.96
590,-34.55404,69.16943,2025-01-08,b'7298                            ',11.812891,11.9885,3.4162579,28.826494,29.237,1013.64
591,-22.0884,75.6049,2025-01-08,b'1322                            ',8.299341,5.0635,6.384351,34.83012,35.739,1989.3
592,-41.90901,43.08782166666666,2025-01-08,b'AI2600-21DE009                  ',4.3686028,3.301,2.3885376,34.45897,34.769,2001.1
593,-23.628215,110.59091333333333,2025-01-08,b'AI2632-24DE010                  ',10.487537,5.758,8.403206,34.80341,35.727,1988.9
596,1.5,79.75,2025-01-08,b'23025                           ',11.826326,8.532499,9.06612,34.93482,35.227,2029.7
599,12.9,70.03333333333333,2025-01-08,b'23021                           ',12.376431,10.1385,8.098748,35.35593,36.407,2005.0
600,4.816666666666666,81.21666666666667,2025-01-08,b'23013                           ',12.89201,9.160999,9.3432255,34.949116,35.47276,1877.3
602,6.840903333333333,91.10529333333334,2025-01-08,b'AI2600-24DE003                  ',10.754749,7.958,7.8959374,34.879112,35.38,1997.8
603,-23.379,73.1624,2025-01-08,b'10216                           ',12.3881035,11.2425,5.5185757,35.01657,35.751,1899.58
607,-23.032623333333333,93.48966,2025-01-08,b'P43244-24DE003                  ',13.179042,12.041,7.3108363,35.10844,35.811,1990.5
608,-21.55986,85.00603,2025-01-08,b'8714                            ',8.270468,5.023,6.559358,34.83505,35.7812,2003.68
611,-40.67438,117.02986,2025-01-08,b'8509                            ',6.604402,5.789,3.6252596,34.60511,35.07792,2005.28
612,-41.0798,126.2745,2025-01-08,b'9783                            ',9.028601,9.195,2.0776126,34.61598,34.81398,1699.41
613,-43.920585,41.399683333333336,2025-01-08,b'AI3500-23DE001                  ',4.7522373,3.4545,2.6461878,34.302242,34.7752,1971.1
614,-31.05509,67.46136,2025-01-08,b'8720                            ',7.99206,6.143,5.4535055,34.7979,35.8254,2005.64
617,-45.7483,35.991,2025-01-08,b'9614                            ',4.331236,3.7078,1.5238951,34.23325,34.7726,1997.57
619,-20.3052,81.752,2025-01-08,b'0909                            ',8.290695,5.038,6.369305,34.84886,35.752,1947.49
620,8.048,88.237,2025-01-08,b'P32800-19CH026                  ',11.810657,8.417999,8.712271,34.76088,35.13225,1976.3
621,-9.548036666666667,55.32650666666667,2025-01-08,b'AI2600-18FR114                  ',8.667551,7.281,5.3632317,34.874653,35.396,2054.6
622,16.977644,86.121658,2025-01-08,b'136250                          ',8.863883,6.9765,5.958897,34.811325,35.03313,1997.68
623,-67.28618054300105,74.38082855635146,2025-01-08,b'8855                            ',-1.5131897,-1.64735,0.3049045,34.38743,34.5442,463.36
624,-41.01375,96.58285,2025-01-08,b'8885                            ',6.292846,4.846,3.5596302,34.59755,34.93739,2002.08
626,-41.4213,39.1136,2025-01-08,b'9781                            ',8.670337,8.322,3.7385733,34.65198,35.27143,1500.09
627,-38.245,77.861,2025-01-08,b'9256                            ',10.483161,11.106,2.599183,34.85196,35.24597,1500.47
628,-64.1813978,92.5666498,2025-01-08,b'12075                           ',-0.1217028,0.20199999,0.86604375,34.53316,34.71179,3096.7
629,3.465,76.822,2025-01-08,b'P32800-19CH020                  ',11.376857,8.311001,8.449912,34.94624,35.46422,1980.8
630,1.623,44.638,2025-01-08,b'4466                            ',25.941,25.941,0.0,0.013,0.013,0.0
631,-23.857,93.475,2025-01-08,b'8712                            ',11.9607935,10.431,5.6467543,35.0151,35.94887,1998.37
632,-16.5865,53.1415,2025-01-08,b'7025                            ',15.10221,15.335,9.342528,34.993385,35.551,1899.4
633,-0.825,88.17311,2025-01-08,b'11335                           ',8.283307,6.4255,6.265671,34.916073,35.78777,2000.6
634,-54.203346252441406,113.2607192993164,2025-01-08,b'9026                            ',1.9424536,1.9329,0.56019235,34.59291,34.7448,1996.43
635,-14.507085,91.17656333333333,2025-01-09,b'AI2600-22AU010                  ',7.7284636,5.296,6.28126,34.74259,35.433,2028.6
636,-9.2318,86.474,2025-01-09,b'0755                            ',7.185286,5.384,5.494121,34.748814,34.924,2007.12
638,-58.13309,104.39475166666666,2025-01-09,b'AI2600-22AU020                  ',1.6551964,1.688,0.45043996,34.656544,34.75,1988.8
639,-17.2029,113.8312,2025-01-09,b'1338                            ',7.5960956,5.288,6.373979,34.734085,35.361,2002.42
640,1.422,84.8237,2025-01-09,b'1294                            ',8.34947,6.5734997,5.967804,34.931534,35.10425,1998.68
641,-55.22953833333333,63.71946333333333,2025-01-09,b'AI2600-22DE003                  ',2.103201,2.0774999,0.52144593,34.49515,34.748,1995.1
643,-41.301,126.729,2025-01-09,b'8291                            ',8.91017,9.191,2.1193316,34.62233,34.81897,1598.08
645,-42.1632,126.0101,2025-01-09,b'0795                            ',6.326135,5.81,3.1454093,34.555717,34.7779,1999.23
646,-38.73744833333333,122.49648333333333,2025-01-09,b'AI2600-23AU125                  ',6.635601,5.394,3.9824035,34.6543,35.297,2029.2
648,-38.40205383300781,40.647586822509766,2025-01-09,b'8827                            ',8.902379,8.01715,5.0748806,34.864677,35.65102,1993.7
649,1.0787,67.5578,2025-01-09,b'1599                            ',8.275918,6.621,5.3685727,34.964184,35.249,2005.28
650,-17.834,50.196,2025-01-09,b'0837                            ',9.410055,6.3885,7.063699,34.85377,35.589,1998.86
651,-9.07,86.4978,2025-01-09,b'1502                            ',10.72895,8.940001,5.8362436,34.76337,34.92839,1949.56
652,-20.94,52.423,2025-01-09,b'0587                            ',8.805388,5.604,7.249505,34.82607,35.612,2011.89
653,-32.11097,82.99453,2025-01-09,b'8721                            ',7.2494197,5.101,4.8478513,5.333696,5.6888,2005.36
654,-47.62406921386719,141.21255493164062,2025-01-09,b'9034                            ',6.1975427,5.8334,2.863258,34.508476,34.7124,1939.94
655,-61.306241666666665,53.86291666666666,2025-01-09,b'AI2632-19EU036                  ',1.2169445,1.535,0.9213531,34.52218,34.74109,1977.3
656,-12.2428,63.8084,2025-01-09,b'1591                            ',7.4923296,5.443,5.631781,34.786343,35.446,2012.32
657,-58.67536544799805,114.19835662841797,2025-01-09,b'9024                            ',1.8797048,1.881,0.4689573,34.599686,34.7446,1996.38
658,-42.0164,128.2333,2025-01-09,b'9784                            ',9.129329,9.4470005,2.6639178,34.68141,35.01562,1599.58
660,-17.243072509765625,114.70044708251953,2025-01-09,b'9037                            ',7.6282277,5.1665,6.4398036,34.72042,35.2861,1995.97
661,9.6,68.8,2025-01-09,b'23023                           ',12.338029,9.46,8.543699,35.306,36.577,2007.4
662,-4.666666666666667,82.68333333333334,2025-01-09,b'23029                           ',11.587174,7.813,8.926308,34.78265,35.22321,2001.8
663,-13.9176,110.5632,2025-01-09,b'1337                            ',7.3905134,5.143,6.0342145,34.66677,34.959,1999.92
664,-20.677,80.278,2025-01-09,b'7642                            ',12.2453,10.745,6.0455775,35.00756,35.78677,1998.0
665,-3.65,77.16666666666667,2025-01-09,b'23027                           ',11.203288,8.029,8.269483,34.818325,35.246,1965.2
666,7.407416666666666,87.87444666666667,2025-01-09,b'AI2600-24DE004                  ',10.642004,8.262,7.4626083,34.92408,35.328,1987.9
669,-54.10346227995368,120.75872812015702,2025-01-09,b'8843                            ',2.3206532,2.2731,0.65895283,34.524876,34.7509,1990.17
672,-58.1477,130.6029,2025-01-09,b'10082                           ',2.401415,2.342,0.52646613,34.37424,34.73956,1599.98
673,-46.4907,137.9672,2025-01-09,b'1213                            ',5.5644054,4.3445,2.9865413,34.551544,34.77,2005.52
674,-45.82884,105.63512,2025-01-09,b'8716                            ',6.176076,4.894,3.282789,34.56758,34.8214,2007.72
676,-24.3358,95.7505,2025-01-09,b'0931                            ',7.4996257,4.861,5.4605894,34.811863,35.906,1974.98
678,-63.0513,49.9368,2025-01-09,b'9616                            ',1.3555816,1.39335,0.28980377,34.64942,34.7264,1997.98
679,-23.6499,109.9935,2025-01-09,b'9543                            ',11.928854,9.828501,6.72759,34.857883,35.711,1899.34
680,-26.20335,111.25697,2025-01-09,b'8861                            ',7.5725875,4.9115,5.7799253,34.799107,35.82226,2003.88
681,-0.6496,72.1977,2025-01-09,b'1597                            ',8.287746,6.8435,5.507207,34.936058,35.225,2006.38
682,-2.87454,73.56317,2025-01-09,b'7339                            ',11.394296,9.5,5.6435943,29.342424,29.521,1055.2
683,-28.42885,67.37354,2025-01-09,b'8878                            ',7.868283,5.653,5.6342115,34.80046,35.77147,2001.64
685,-10.02084,86.8417,2025-01-09,b'8482                            ',12.104597,9.684,6.308425,34.885094,35.7225,951.68
686,-41.00897,118.01204,2025-01-09,b'8893                            ',6.21168,5.168,3.3230767,34.56537,34.7745,2007.36
687,-44.65933166666667,39.17275166666667,2025-01-09,b'AI2600-20FR009                  ',4.2745647,3.499,1.7946532,34.31228,34.758,1987.5
688,3.573,77.653,2025-01-09,b'P32800-19CH022                  ',12.277352,8.6165,9.169348,34.97197,35.25718,1978.3
689,-60.00930404663086,117.98635864257812,2025-01-09,b'9280                            ',1.802388,1.8777,0.4662353,34.60398,34.73774,1992.75
691,-30.50643,56.50244,2025-01-09,b'12047                           ',7.097705,2.7785,6.7294044,34.93741,35.78901,4409.0
692,-23.5669,49.605,2025-01-09,b'10077                           ',12.884165,11.6665,6.0601473,35.01429,35.634,1999.67
694,-60.631123333333335,46.42971166666667,2025-01-09,b'AI2600-20DE033                  ',1.2421573,1.235,0.5308883,34.626076,34.739,2015.9
695,-24.8079,103.65572,2025-01-09,b'8860                            ',7.8315663,4.864,6.122972,34.812435,35.81911,2002.04
696,-63.536263299999995,109.52835189999999,2025-01-09,b'12073                           ',0.6785971,0.773,0.73635894,34.601017,34.72181,3677.2
699,-9.3837,101.5923,2025-01-09,b'0807                            ',7.8791137,5.708,5.845899,34.75359,35.2022,1998.16
700,-56.54224501104469,129.47078433978191,2025-01-09,b'8833                            ',2.3103724,2.341,0.53056306,34.518276,34.7422,1987.74
701,-9.2339,40.9451,2025-01-09,b'7026                            ',14.193071,12.2465,9.243368,34.87845,35.104,1900.0
702,23.953728333333334,62.675043333333335,2025-01-09,b'AI2600-21FR122                  ',12.731292,11.849501,5.8560166,35.760967,36.684,2021.0
704,23.350168333333333,59.31946833333333,2025-01-09,b'AI2600-21FR123                  ',13.414455,11.632,6.5257535,35.826866,36.914,2042.3
705,-24.53779,88.59485,2025-01-09,b'8859                            ',8.043958,4.872,6.1069026,34.82012,35.80426,2002.0
706,-66.50311,110.31461333333333,2025-01-09,b'AI2600-24AU023                  ',-1.7705591,-1.854,0.3175841,34.491158,34.577,1985.4
707,-26.704021666666666,81.27558166666667,2025-01-10,b'AI2600-22AU005                  ',8.041275,5.158,5.9292765,34.824345,35.855,2011.0
709,-30.3445,50.11868,2025-01-10,b'6106                            ',6.7301803,4.135,5.606538,34.79342,35.69288,4782.5
711,-30.34279,50.12039,2025-01-10,b'6106                            ',11.09671,11.8215,6.305731,35.075527,35.67485,4608.5
712,-17.83528,91.76947,2025-01-10,b'8483                            ',8.064165,5.252,6.6787157,28.896244,31.4639,2008.04
713,-36.7357,96.3418,2025-01-10,b'9787                            ',9.961226,10.251,2.4262266,34.767193,35.05542,1599.25
715,-24.1953,58.1408,2025-01-10,b'0910                            ',7.8644977,5.456,5.7044706,34.8375,35.693,1981.29
716,-47.96577,131.63963,2025-01-10,b'8896                            ',6.3071766,6.027,2.9244137,34.517117,34.67081,2008.0
717,-56.13243666666666,52.15282333333333,2025-01-10,b'AI2600-19DE042                  ',1.9102843,1.911,0.6224689,34.47658,34.756,1995.1
718,-47.8063,24.7473,2025-01-10,b'8979                            ',3.3823943,3.0535,0.97567815,34.230232,34.7951,1993.27
720,-28.14375,51.42633,2025-01-10,b'8723                            ',8.270712,5.977,5.9715276,34.808445,35.6314,2005.12
721,-48.934,30.274,2025-01-10,b'9000                            ',4.664069,4.341,1.4400324,34.252956,34.75669,1997.32
722,5.3451,49.2447,2025-01-10,b'0836                            ',8.354615,6.925,5.335,35.09969,35.565,2111.83
723,12.411126666666666,46.05108833333333,2025-01-10,b'AI2600-21FR121                  ',14.671386,13.940001,4.8346925,35.90422,36.394,1525.9
724,-62.12424,30.35861166666667,2025-01-10,b'AI2632-19EU034                  ',0.59948826,0.69200003,0.80983084,34.51079,34.705,1975.9
725,-38.29756,129.65458,2025-01-10,b'6069                            ',5.0842876,3.119,4.0639844,34.669075,35.25288,5704.1
726,-38.29569,129.65384,2025-01-10,b'6069                            ',8.401065,9.476,4.567654,34.801266,35.25288,5030.8
727,-38.42806,43.89826,2025-01-10,b'7440                            ',5.462676,3.667,3.54195,34.574585,34.893,2013.2
729,-30.74451,59.84232,2025-01-10,b'12046                           ',8.540567,5.674,7.0245976,34.96636,35.69104,3635.3
731,15.875,65.92,2025-01-10,b'7541                            ',15.404899,14.727,7.6671534,14.186729,15.78,2000.2
732,-11.483333333333333,75.98333333333333,2025-01-10,b'23036                           ',11.8185835,7.874,9.191843,34.705387,35.061,2012.4
733,-65.70485471895218,142.6432479981099,2025-01-10,b'8431                            ',-0.4201,-0.4201,0.02669999,34.63475,34.6371,896.2
734,14.483333333333333,82.0,2025-01-10,b'23001                           ',11.66805,8.7215,8.086515,34.747257,35.047,1989.1
735,-51.7901,93.28995,2025-01-10,b'7348                            ',2.4893398,2.415,0.88014317,34.33048,34.679,895.32
736,-51.85793666666667,83.36560666666666,2025-01-10,b'AI2600-19EU008                  ',2.836319,2.481,1.1646383,34.31245,34.745,2028.6
738,-9.4,74.33333333333333,2025-01-10,b'23031                           ',11.288533,7.401,8.934418,34.68011,35.034,1952.9
740,-53.5721,132.5386,2025-01-10,b'1331                            ',3.0019417,2.653,0.9935059,34.455624,34.7462,1966.23
741,-61.15122985839844,99.56109619140625,2025-01-10,b'9027                            ',1.062333,1.0950999,0.5083735,34.662106,34.7298,1997.6
743,-44.257055399999985,84.8312176,2025-01-10,b'0257                            ',9.157417,9.489,1.1125345,34.261776,34.68,511.8
745,-54.672725,125.21447833333333,2025-01-10,b'AI2632-19EU024                  ',3.0624816,2.532,1.2440885,34.25861,34.749,2012.2
746,-37.9547,101.189,2025-01-10,b'1066                            ',9.011661,9.5365,3.736664,34.79091,35.35501,1999.04
747,-13.12565,89.75367,2025-01-10,b'8865                            ',7.637978,5.1815,6.3904305,34.68385,34.98188,2007.96
748,-38.569,117.179,2025-01-10,b'7770                            ',9.879605,9.52,2.5857766,34.743122,35.273,1698.24
749,-48.926608333333334,57.53924833333333,2025-01-10,b'AI3500-23DE002                  ',3.2416227,2.6745,1.1395752,34.326027,34.78423,1997.7
750,-37.03388666666667,38.988165,2025-01-10,b'AI3500-22FR002                  ',11.330696,11.7955,5.7590995,35.024055,35.63304,2028.1
751,-52.65975666666667,59.970546666666664,2025-01-10,b'AI2600-23DE012                  ',2.4789436,2.404,0.667048,34.414536,34.751,2037.5
752,-46.300143999999996,140.5546427,2025-01-10,b'11502                           ',7.1485057,7.391,3.157026,34.5953,34.85309,1823.24
753,-12.5142,67.3101,2025-01-10,b'1590                            ',7.378978,5.256,5.562541,34.768955,35.113,2009.75
755,-40.5939,127.6896,2025-01-10,b'0902                            ',6.0576572,5.0889997,3.2750196,34.5782,34.8583,2005.62
756,-22.2696,79.7178,2025-01-10,b'10217                           ',12.343987,10.968,5.7052565,35.00674,35.757,1899.3
757,-10.02075,86.60634,2025-01-10,b'8482                            ',12.104597,9.684,6.308425,34.885094,35.7225,951.68
758,-60.0408,117.5202,2025-01-10,b'10080                           ',2.0952866,2.166,0.50062144,34.4687,34.73919,1600.08
759,-42.007,29.435,2025-01-10,b'P32826-18CH012                  ',5.338111,3.6195002,3.1662405,34.524597,34.772,1974.3
760,-1.4001,66.0991,2025-01-10,b'1495                            ',12.616222,10.0095005,5.5390296,35.01036,35.246,794.31
761,-25.784401666666668,57.60808,2025-01-10,b'AI2632-24DE006                  ',9.676337,8.45,6.799997,34.93884,35.726,2011.4
766,-47.49631,83.94686,2025-01-10,b'7441                            ',3.5999863,2.795,1.5298915,34.43989,34.758,2003.6
768,-32.257,62.48,2025-01-10,b'8609                            ',8.114571,6.6982,5.0624595,34.83803,35.7858,2009.07
771,-39.47068,119.71308,2025-01-10,b'6071                            ',5.2339673,3.3990002,3.8105285,34.627674,35.08396,5062.8
772,-11.644,76.0208,2025-01-10,b'1451                            ',11.853092,9.945,6.3108873,34.765984,35.06837,1749.51
775,-39.47078,119.71178,2025-01-10,b'6071                            ',8.377806,9.502,4.050052,34.723377,35.08195,4608.0
777,-40.59512,60.47466,2025-01-10,b'f09234                          ',6.098648,4.1938,3.9987748,34.630493,35.42911,1995.58
